{"cameraMode":{"drawMode":0,"name":"Shaded","section":"Shading Mode"},"sceneLighting":true,"audioPlay":false,"sceneViewState":{"showFog":true,"showMaterialUpdate":false,"showSkybox":true,"showFlares":true,"showImageEffects":true,"showParticleSystems":true,"showVisualEffectGraphs":true,"m_FxEnabled":true},"in2DMode":false,"pivot":{"x":28.58323860168457,"y":2.0345208644866945,"z":-21.58255958557129},"rotation":{"x":0.06439676135778427,"y":-0.19708546996116639,"z":0.012880610302090645,"w":0.9782062768936157},"size":1.2247449159622193,"orthographic":false}