{"cameraMode":{"drawMode":0,"name":"Shaded","section":"Shading Mode"},"sceneLighting":true,"audioPlay":false,"sceneViewState":{"showFog":true,"showMaterialUpdate":false,"showSkybox":true,"showFlares":true,"showImageEffects":true,"showParticleSystems":true,"showVisualEffectGraphs":true,"m_FxEnabled":true},"in2DMode":false,"pivot":{"x":29.540000915527345,"y":1.3799999952316285,"z":-20.690000534057618},"rotation":{"x":0.06439676135778427,"y":-0.19708546996116639,"z":0.012880610302090645,"w":0.9782062768936157},"size":1.1445523500442505,"orthographic":false}