{"cameraMode":{"drawMode":0,"name":"Shaded","section":"Shading Mode"},"sceneLighting":true,"audioPlay":false,"sceneViewState":{"showFog":true,"showMaterialUpdate":false,"showSkybox":true,"showFlares":true,"showImageEffects":true,"showParticleSystems":true,"showVisualEffectGraphs":true,"m_FxEnabled":true},"in2DMode":false,"pivot":{"x":28.360719680786134,"y":0.2231888771057129,"z":-13.224241256713868},"rotation":{"x":-0.14388209581375123,"y":-0.17544612288475038,"z":0.025926286354660989,"w":-0.9736217260360718},"size":3.8313419818878176,"orthographic":false}