{"cameraMode":{"drawMode":0,"name":"Shaded","section":"Shading Mode"},"sceneLighting":true,"audioPlay":false,"sceneViewState":{"showFog":true,"showMaterialUpdate":false,"showSkybox":true,"showFlares":true,"showImageEffects":true,"showParticleSystems":true,"showVisualEffectGraphs":true,"m_FxEnabled":true},"in2DMode":false,"pivot":{"x":26.112762451171876,"y":-0.15089666843414308,"z":-22.99004364013672},"rotation":{"x":-0.07393359392881394,"y":0.8775146007537842,"z":-0.14369319379329682,"w":-0.4515022039413452},"size":3.3073947429656984,"orthographic":false}